University,Course Name,Fee,UG/PG
Imperial College London,Innovation Design Engineering MA/MSc,40900.0,PG
Imperial College London,Aeronautics with Spacecraft Engineering MEng,40940.0,UG
Imperial College London,Advanced Aeronautical Engineering MSc,40900.0,PG
Imperial College London,"Advanced Computational Methods for Aeronautics, Flow Management and Fluid-Structure Interaction MSc",40900.0,PG
Imperial College London,"Composites: The Science, Technology and Engineering Application of Advanced Composites MSc",40900.0,PG
Imperial College London,Biomedical Technology Ventures BSc,40940.0,UG
Imperial College London,Computing (Artificial Intelligence and Machine Learning) MEng,40940.0,UG
Imperial College London,Computing (Visual Computing and Robotics) MEng,40940.0,UG
Imperial College London,Applied Computational Science and Engineering MSc,41750.0,PG
Imperial College London,Applied Machine Learning MSc,41750.0,PG
Imperial College London,Artificial Intelligence MSc,41750.0,PG
Imperial College London,Artificial Intelligence and Machine Learning MRes,45150.0,PG
Imperial College London,Biomedical Research (Data Science) MRes,43250.0,PG
Imperial College London,Computing (Artificial Intelligence and Machine Learning) MSc,41750.0,PG
Imperial College London,Computing (Visual Computing and Robotics) MSc,41750.0,PG
Imperial College London,Digital Chemistry with AI and Automation,40500.0,PG
Imperial College London,Environmental Data Science and Machine Learning MSc,41750.0,PG
Imperial College London,Environmental Engineering with Data Science MSc,40900.0,PG
Imperial College London,Geo-Energy with Machine Learning and Data Science MSc,41750.0,PG
Imperial College London,Health Data Analytics and Machine Learning MSc,43250.0,PG
Imperial College London,Human and Biological Robotics MSc,40900.0,PG
Imperial College London,Nanomedicine and Nanodiagnostics MRes,40500.0,PG
Imperial College London,Transport with Data Science MSc,40900.0,PG
Imperial College London,Biochemistry BSc,41650.0,UG
Imperial College London,Biochemistry with a Language for Science BSc,41650.0,UG
Imperial College London,Biochemistry with Management BSc,41650.0,UG
Imperial College London,Biomaterials and Tissue Engineering MEng,40940.0,UG
Imperial College London,Biomedical Technology Ventures BSc,40940.0,UG
Imperial College London,Biotechnology BSc,41650.0,UG
Imperial College London,Biotechnology with a Language for Science BSc,41650.0,UG
Imperial College London,Biotechnology with Management BSc,41650.0,UG
Imperial College London,Molecular Bioengineering MEng,40940.0,UG
Imperial College London,Biological and Physical Chemistry MRes,40500.0,PG
Imperial College London,Cancer Technology MRes,40900.0,PG
Imperial College London,Chemical Biology and Bio-Entrepreneurship MRes,40500.0,PG
Imperial College London,Drug Discovery and Development: Multidisciplinary Science for Next Generation Therapeutics MRes,40500.0,PG
Imperial College London,Engineering for Biomedicine MSc,40900.0,PG
Imperial College London,Biomedical Engineering MEng,40940.0,UG
Imperial College London,Biomedical Technology Ventures BSc,40940.0,UG
Imperial College London,Molecular Bioengineering MEng,40940.0,UG
Imperial College London,Bioengineering MRes,40900.0,PG
Imperial College London,Biomedical Engineering (Biomaterials) MSc,40900.0,PG
Imperial College London,Biomedical Engineering (Biomechanics and Mechanobiology) MSc,40900.0,PG
Imperial College London,Biomedical Engineering (Computational Bioengineering) MSc,40900.0,PG
Imperial College London,Biomedical Engineering (Medical Physics) MSc,40900.0,PG
Imperial College London,Biomedical Engineering (Neurotechnology) MSc,40900.0,PG
Imperial College London,Cancer Technology MRes,40900.0,PG
Imperial College London,Drug Discovery and Development: Multidisciplinary Science for Next Generation Therapeutics MRes,40500.0,PG
Imperial College London,Engineering for Biomedicine MSc,40900.0,PG
Imperial College London,Human and Biological Robotics MSc,40900.0,PG
Imperial College London,Machine Learning and Big Data in the Physical Sciences MRes,40800.0,PG
Imperial College London,Medical Device Design and Entrepreneurship MRes,40900.0,PG
Imperial College London,Medical Robotics and Image-Guided Intervention MRes,43250.0,PG
Imperial College London,Medical Robotics and Image-Guided Intervention MRes €“ Clinical Robotics and AI,43250.0,PG
Imperial College London,Neurotechnology MRes,40900.0,PG
Imperial College London,Soft Electronic Materials MRes,40800.0,PG
Imperial College London,Biological Sciences BSc,41650.0,UG
Imperial College London,Biological Sciences with a Language for Science BSc,41650.0,UG
Imperial College London,Biological Sciences with Management BSc,41650.0,UG
Imperial College London,Ecology and Environmental Biology BSc,41650.0,UG
Imperial College London,Microbiology BSc,41650.0,UG
Imperial College London,Molecular Bioengineering MEng,40940.0,UG
Imperial College London,Biomedical Research (Bacterial Pathogenesis and Infection) MRes,43250.0,PG
Imperial College London,Cancer Technology MRes,40900.0,PG
Imperial College London,Drug Discovery and Development: Multidisciplinary Science for Next Generation Therapeutics MRes,40500.0,PG
Imperial College London,Engineering for Biomedicine MSc,40900.0,PG
Imperial College London,Immunology,43250.0,PG
Imperial College London,Biomedical Technology Ventures BSc,40940.0,UG
Imperial College London,Molecular Bioengineering MEng,40940.0,UG
Imperial College London,Applied Genomics MSc,43250.0,PG
Imperial College London,Biomedical Engineering (Biomaterials) MSc,40900.0,PG
Imperial College London,Biomedical Engineering (Biomechanics and Mechanobiology) MSc,40900.0,PG
Imperial College London,Biomedical Engineering (Computational Bioengineering) MSc,40900.0,PG
Imperial College London,Biomedical Engineering (Medical Physics) MSc,40900.0,PG
Imperial College London,Biomedical Engineering (Neurotechnology) MSc,40900.0,PG
Imperial College London,"Biomedical Research (Anaesthetics, Pain Medicine and Intensive Care) MRes",43250.0,PG
Imperial College London,Biomedical Research (Data Science) MRes,43250.0,PG
Imperial College London,"Biomedical Research (Epidemiology, Evolution and Control of Infectious Diseases) MRes",43250.0,PG
Imperial College London,Biomedical Research MRes,43250.0,PG
Imperial College London,Biomedical Research (Microbiome in Health and Disease) MRes,43250.0,PG
Imperial College London,Biomedical Research (Molecular Basis of Human Disease) MRes,43250.0,PG
Imperial College London,Biomedical Research (Respiratory and Cardiovascular Science) MRes,43250.0,PG
Imperial College London,Cancer Biology MRes,43250.0,PG
Imperial College London,Cancer Informatics MRes,43250.0,PG
Imperial College London,Cancer Innovation MRes,43250.0,PG
Imperial College London,Engineering for Biomedicine MSc,40900.0,PG
Imperial College London,Experimental Neuroscience MRes,43250.0,PG
Imperial College London,"Genes, Drugs and Stem Cells €“ Novel Therapies",43250.0,PG
Imperial College London,Genomic Medicine,43250.0,PG
Imperial College London,Human Molecular Genetics MSc,43250.0,PG
Imperial College London,Immunology,43250.0,PG
Imperial College London,Machine Learning and Big Data in the Physical Sciences MRes,40800.0,PG
Imperial College London,Medical Device Design and Entrepreneurship MRes,40900.0,PG
Imperial College London,Molecular Biology and Pathology of Viruses MSc,43250.0,PG
Imperial College London,Molecular Medicine MSc,43250.0,PG
Imperial College London,Neurotechnology MRes,40900.0,PG
Imperial College London,Reproductive and Developmental Biology,43250.0,PG
Imperial College London,Translational Neuroscience MSc,43250.0,PG
Imperial College London,Biochemistry with Management BSc,41650.0,UG
Imperial College London,Biological Sciences with Management BSc,41650.0,UG
Imperial College London,Biomedical Technology Ventures BSc,40940.0,UG
Imperial College London,Biotechnology with Management BSc,41650.0,UG
Imperial College London,Chemistry with Management BSc,41650.0,UG
Imperial College London,Electrical and Electronic Engineering with Management MEng,40940.0,UG
Imperial College London,Business Analytics MSc,41000.0,PG
Imperial College London,Executive MBA,76500.0,PG
Imperial College London,Finance MSc,45400.0,PG
Imperial College London,Finance & Accounting MSc,45400.0,PG
Imperial College London,Financial Technology MSc,45400.0,PG
Imperial College London,Full-Time MBA,67500.0,PG
Imperial College London,Global Online MBA,50500.0,PG
Imperial College London,International Management MSc,41000.0,PG
Imperial College London,Investment and Wealth Management MSc,45400.0,PG
Imperial College London,Medical Device Design and Entrepreneurship MRes,40900.0,PG
Imperial College London,Risk Management and Financial Engineering MSc,45400.0,PG
Imperial College London,Sustainable Energy Futures MSc,40900.0,PG
Imperial College London,Weekend MBA,61000.0,PG
Imperial College London,Global Online MBA,50500.0,PG
Imperial College London,Chemical Engineering MEng,40940.0,UG
Imperial College London,Materials Science and Engineering MEng,40940.0,UG
Imperial College London,Materials Science and Engineering BEng,40940.0,UG
Imperial College London,Materials with Nuclear Engineering MEng,40940.0,UG
Imperial College London,Molecular Bioengineering MEng,40940.0,UG
Imperial College London,Advanced Chemical Engineering MSc,40900.0,PG
Imperial College London,Advanced Chemical Engineering with Biotechnology MSc,40900.0,PG
Imperial College London,Advanced Chemical Engineering with Materials Engineering MSc,40900.0,PG
Imperial College London,Advanced Chemical Engineering with Process Systems Engineering MSc,40900.0,PG
Imperial College London,Advanced Molecular Synthesis MRes,40500.0,PG
Imperial College London,Catalysis: Chemistry and Engineering MRes,40500.0,PG
Imperial College London,"Green Chemistry, Energy and the Environment MRes",40500.0,PG
Imperial College London,Molecular Engineering MRes,40900.0,PG
Imperial College London,Soft Electronic Materials MRes,40800.0,PG
Imperial College London,Biomaterials and Tissue Engineering MEng,40940.0,UG
Imperial College London,Chemistry BSc,41650.0,UG
Imperial College London,Chemistry MSci,41650.0,UG
Imperial College London,Chemistry with Management BSc,41650.0,UG
Imperial College London,Chemistry with Medicinal Chemistry MSci,41650.0,UG
Imperial College London,Chemistry with Molecular Physics MSci,41650.0,UG
Imperial College London,Materials Science and Engineering MEng,40940.0,UG
Imperial College London,Materials Science and Engineering BEng,40940.0,UG
Imperial College London,Materials with Nuclear Engineering MEng,40940.0,UG
Imperial College London,Advanced Molecular Synthesis MRes,40500.0,PG
Imperial College London,Biological and Physical Chemistry MRes,40500.0,PG
Imperial College London,Cancer Technology MRes,40900.0,PG
Imperial College London,Catalysis: Chemistry and Engineering MRes,40500.0,PG
Imperial College London,Chemical Biology and Bio-Entrepreneurship MRes,40500.0,PG
Imperial College London,Digital Chemistry with AI and Automation,40500.0,PG
Imperial College London,Drug Discovery and Development: Multidisciplinary Science for Next Generation Therapeutics MRes,40500.0,PG
Imperial College London,"Green Chemistry, Energy and the Environment MRes",40500.0,PG
Imperial College London,Molecular Engineering MRes,40900.0,PG
Imperial College London,Nanomaterials MRes,40500.0,PG
Imperial College London,Nanomedicine and Nanodiagnostics MRes,40500.0,PG
Imperial College London,Soft Electronic Materials MRes,40800.0,PG
Imperial College London,Civil Engineering MEng,40940.0,UG
Imperial College London,Advanced Materials for Sustainable Infrastructure MSc,40900.0,PG
Imperial College London,Concrete Structures MSc,40900.0,PG
Imperial College London,Earthquake Engineering MSc,40900.0,PG
Imperial College London,"Engineering Fluid Mechanics for the Offshore, Coastal and Built Environments MSc",40900.0,PG
Imperial College London,Environmental Engineering MSc,40900.0,PG
Imperial College London,Environmental Engineering with Data Science MSc,40900.0,PG
Imperial College London,General Structural Engineering MSc,40900.0,PG
Imperial College London,Geotechnical and Earthquake Engineering MSc,40900.0,PG
Imperial College London,Geotechnical and Geoenvironmental Engineering MSc,40900.0,PG
Imperial College London,Geotechnical and Geological Engineering MSc,40900.0,PG
Imperial College London,Geotechnical Engineering MSc,40900.0,PG
Imperial College London,Hydrology and Water Resources Management MSc,40900.0,PG
Imperial College London,Structural Steel Design MSc,40900.0,PG
Imperial College London,Transport MSc,40900.0,PG
Imperial College London,Transport with Data Science MSc,40900.0,PG
Imperial College London,Computing MEng,40940.0,UG
Imperial College London,Computing BEng,40940.0,UG
Imperial College London,Computing (Artificial Intelligence and Machine Learning) MEng,40940.0,UG
Imperial College London,Computing (International Programme of Study) MEng,40940.0,UG
Imperial College London,Computing (Management and Finance) MEng,40940.0,UG
Imperial College London,Computing (Security and Reliability) MEng,40940.0,UG
Imperial College London,Computing (Software Engineering) MEng,40940.0,UG
Imperial College London,Computing (Visual Computing and Robotics) MEng,40940.0,UG
Imperial College London,Electronic and Information Engineering BEng,40940.0,UG
Imperial College London,Electronic and Information Engineering MEng,40940.0,UG
Imperial College London,Mathematics and Computer Science MEng,40940.0,UG
Imperial College London,Mathematics and Computer Science BEng,40940.0,UG
Imperial College London,Advanced Computing MSc,41750.0,PG
Imperial College London,Applied Computational Science and Engineering MSc,41750.0,PG
Imperial College London,Applied Machine Learning MSc,41750.0,PG
Imperial College London,Artificial Intelligence MSc,41750.0,PG
Imperial College London,Artificial Intelligence and Machine Learning MRes,45150.0,PG
Imperial College London,Biomedical Engineering (Biomaterials) MSc,40900.0,PG
Imperial College London,Biomedical Engineering (Biomechanics and Mechanobiology) MSc,40900.0,PG
Imperial College London,Biomedical Engineering (Computational Bioengineering) MSc,40900.0,PG
Imperial College London,Biomedical Engineering (Medical Physics) MSc,40900.0,PG
Imperial College London,Biomedical Engineering (Neurotechnology) MSc,40900.0,PG
Imperial College London,Computing MSc,41750.0,PG
Imperial College London,Computing (Artificial Intelligence and Machine Learning) MSc,41750.0,PG
Imperial College London,Computing (Management and Finance) MSc,41750.0,PG
Imperial College London,Computing (Security and Reliability) MSc,41750.0,PG
Imperial College London,Computing (Software Engineering) MSc,41750.0,PG
Imperial College London,Computing (Visual Computing and Robotics) MSc,41750.0,PG
Imperial College London,Environmental Data Science and Machine Learning MSc,41750.0,PG
Imperial College London,Computing (Artificial Intelligence and Machine Learning) MEng,40940.0,UG
Imperial College London,Applied Machine Learning MSc,41750.0,PG
Imperial College London,Artificial Intelligence MSc,41750.0,PG
Imperial College London,Artificial Intelligence and Machine Learning MRes,45150.0,PG
Imperial College London,Biomedical Research (Data Science) MRes,43250.0,PG
Imperial College London,Communications and Signal Processing MSc,40900.0,PG
Imperial College London,Computing (Artificial Intelligence and Machine Learning) MSc,41750.0,PG
Imperial College London,Computing (Software Engineering) MSc,41750.0,PG
Imperial College London,Digital Chemistry with AI and Automation,40500.0,PG
Imperial College London,Environmental Data Science and Machine Learning MSc,41750.0,PG
Imperial College London,Epidemiology MSc,43250.0,PG
Imperial College London,Geo-Energy with Machine Learning and Data Science MSc,41750.0,PG
Imperial College London,Health Data Analytics and Machine Learning MSc,43250.0,PG
Imperial College London,Nanomedicine and Nanodiagnostics MRes,40500.0,PG
Imperial College London,Transport MSc,40900.0,PG
Imperial College London,Transport with Data Science MSc,40900.0,PG
Imperial College London,Civil Engineering MEng,40940.0,UG
Imperial College London,Design Engineering MEng,40940.0,UG
Imperial College London,Cleantech Innovation MSc,40900.0,PG
Imperial College London,Concrete Structures MSc,40900.0,PG
Imperial College London,Design Engineering MSc,40900.0,PG
Imperial College London,Design Engineering Research MRes,40900.0,PG
Imperial College London,Design with Behaviour Science MSc,40900.0,PG
Imperial College London,General Structural Engineering MSc,40900.0,PG
Imperial College London,Medical Device Design and Entrepreneurship MRes,40900.0,PG
Imperial College London,Structural Steel Design MSc,40900.0,PG
Imperial College London,Civil Engineering MEng,40940.0,UG
Imperial College London,Earth and Planetary Science BSc,40940.0,UG
Imperial College London,Earth and Planetary Science MSci,40940.0,UG
Imperial College London,Ecology and Environmental Biology BSc,41650.0,UG
Imperial College London,Geology BSc,40940.0,UG
Imperial College London,Geology MSci,40940.0,UG
Imperial College London,Geophysics BSc,40940.0,UG
Imperial College London,Geophysics MSci,40940.0,UG
Imperial College London,Cleantech Innovation MSc,40900.0,PG
Imperial College London,Environmental Data Science and Machine Learning MSc,41750.0,PG
Imperial College London,Environmental Engineering MSc,40900.0,PG
Imperial College London,Environmental Engineering with Data Science MSc,40900.0,PG
Imperial College London,Hydrology and Water Resources Management MSc,40900.0,PG
Imperial College London,Biomedical Engineering MEng,40940.0,UG
Imperial College London,Electrical and Electronic Engineering BEng,40940.0,UG
Imperial College London,Electrical and Electronic Engineering MEng,40940.0,UG
Imperial College London,Electrical and Electronic Engineering with Management MEng,40940.0,UG
Imperial College London,Electronic and Information Engineering BEng,40940.0,UG
Imperial College London,Electronic and Information Engineering MEng,40940.0,UG
Imperial College London,Analogue and Digital Integrated Circuit Design MSc,40900.0,PG
Imperial College London,Applied Machine Learning MSc,41750.0,PG
Imperial College London,Communications and Signal Processing MSc,40900.0,PG
Imperial College London,Control and Optimisation MSc,40900.0,PG
Imperial College London,Future Power Networks MSc,40900.0,PG
Imperial College London,Human and Biological Robotics MSc,40900.0,PG
Imperial College London,Electrical and Electronic Engineering MEng,40940.0,UG
Imperial College London,Materials with Nuclear Engineering MEng,40940.0,UG
Imperial College London,Mechanical Engineering with Nuclear Engineering MEng,40940.0,UG
Imperial College London,Future Power Networks MSc,40900.0,PG
Imperial College London,Geo-Energy with Machine Learning and Data Science MSc,41750.0,PG
Imperial College London,"Green Chemistry, Energy and the Environment MRes",40500.0,PG
Imperial College London,Metals and Energy Finance MSc,44400.0,PG
Imperial College London,Nanomaterials MRes,40500.0,PG
Imperial College London,Soft Electronic Materials MRes,40800.0,PG
Imperial College London,Sustainable Energy Futures MSc,40900.0,PG
Imperial College London,Biomedical Technology Ventures BSc,40940.0,UG
Imperial College London,Computing (Management and Finance) MEng,40940.0,UG
Imperial College London,Computing (Management and Finance) MSc,41750.0,PG
Imperial College London,Finance MSc,45400.0,PG
Imperial College London,Finance & Accounting MSc,45400.0,PG
Imperial College London,Financial Technology MSc,45400.0,PG
Imperial College London,Investment and Wealth Management MSc,45400.0,PG
Imperial College London,Mathematics and Finance MSc,41750.0,PG
Imperial College London,Metals and Energy Finance MSc,44400.0,PG
Imperial College London,Risk Management and Financial Engineering MSc,45400.0,PG
Imperial College London,Earth and Planetary Science BSc,40940.0,UG
Imperial College London,Earth and Planetary Science MSci,40940.0,UG
Imperial College London,Geology BSc,40940.0,UG
Imperial College London,Geology MSci,40940.0,UG
Imperial College London,Geophysics BSc,40940.0,UG
Imperial College London,Geophysics MSci,40940.0,UG
Imperial College London,Applied Computational Science and Engineering MSc,41750.0,PG
Imperial College London,Earthquake Engineering MSc,40900.0,PG
Imperial College London,"Engineering Fluid Mechanics for the Offshore, Coastal and Built Environments MSc",40900.0,PG
Imperial College London,Environmental Data Science and Machine Learning MSc,41750.0,PG
Imperial College London,Geo-Energy with Machine Learning and Data Science MSc,41750.0,PG
Imperial College London,Geotechnical and Earthquake Engineering MSc,40900.0,PG
Imperial College London,Geotechnical and Geoenvironmental Engineering MSc,40900.0,PG
Imperial College London,Geotechnical and Geological Engineering MSc,40900.0,PG
Imperial College London,Geotechnical Engineering MSc,40900.0,PG
Imperial College London,Metals and Energy Finance MSc,44400.0,PG
Imperial College London,Biomaterials and Tissue Engineering MEng,40940.0,UG
Imperial College London,Materials Science and Engineering MEng,40940.0,UG
Imperial College London,Materials Science and Engineering BEng,40940.0,UG
Imperial College London,Materials with Nuclear Engineering MEng,40940.0,UG
Imperial College London,Advanced Materials for Sustainable Infrastructure MSc,40900.0,PG
Imperial College London,Advanced Materials Science and Engineering MSc,40900.0,PG
Imperial College London,Biomedical Engineering (Biomaterials) MSc,40900.0,PG
Imperial College London,Biomedical Engineering (Biomechanics and Mechanobiology) MSc,40900.0,PG
Imperial College London,Biomedical Engineering (Computational Bioengineering) MSc,40900.0,PG
Imperial College London,Biomedical Engineering (Medical Physics) MSc,40900.0,PG
Imperial College London,Biomedical Engineering (Neurotechnology) MSc,40900.0,PG
Imperial College London,"Composites: The Science, Technology and Engineering Application of Advanced Composites MSc",40900.0,PG
Imperial College London,Digital Chemistry with AI and Automation,40500.0,PG
Imperial College London,"Green Chemistry, Energy and the Environment MRes",40500.0,PG
Imperial College London,Machine Learning and Big Data in the Physical Sciences MRes,40800.0,PG
Imperial College London,Molecular Engineering MRes,40900.0,PG
Imperial College London,Nanomaterials MRes,40500.0,PG
Imperial College London,Nanomedicine and Nanodiagnostics MRes,40500.0,PG
Imperial College London,Soft Electronic Materials MRes,40800.0,PG
Imperial College London,Mathematics and Computer Science MEng,40940.0,UG
Imperial College London,Mathematics and Computer Science BEng,40940.0,UG
Imperial College London,Finance MSc,45400.0,PG
Imperial College London,Finance & Accounting MSc,45400.0,PG
Imperial College London,Financial Technology MSc,45400.0,PG
Imperial College London,Global Master of Public Health (Online),12300.0,PG
Imperial College London,Investment and Wealth Management MSc,45400.0,PG
Imperial College London,Public Health MPH,43250.0,PG
Imperial College London,Mathematics and Finance MSc,41750.0,PG
Imperial College London,Risk Management and Financial Engineering MSc,45400.0,PG
Imperial College London,Global Master of Public Health (Online),12300.0,PG
Imperial College London,Biomedical Engineering MEng,40940.0,UG
Imperial College London,Materials Science and Engineering MEng,40940.0,UG
Imperial College London,Materials Science and Engineering BEng,40940.0,UG
Imperial College London,Materials with Nuclear Engineering MEng,40940.0,UG
Imperial College London,Mechanical Engineering MEng,40940.0,UG
Imperial College London,Mechanical Engineering with Nuclear Engineering MEng,40940.0,UG
Imperial College London,Advanced Mechanical Engineering MSc,40900.0,PG
Imperial College London,Biomedical Engineering (Biomaterials) MSc,40900.0,PG
Imperial College London,Biomedical Engineering (Biomechanics and Mechanobiology) MSc,40900.0,PG
Imperial College London,Biomedical Engineering (Computational Bioengineering) MSc,40900.0,PG
Imperial College London,Biomedical Engineering (Medical Physics) MSc,40900.0,PG
Imperial College London,Biomedical Engineering (Neurotechnology) MSc,40900.0,PG
Imperial College London,"Composites: The Science, Technology and Engineering Application of Advanced Composites MSc",40900.0,PG
Imperial College London,Human and Biological Robotics MSc,40900.0,PG
Imperial College London,Biomedical Engineering MEng,40940.0,UG
Imperial College London,Biomedical Technology Ventures BSc,40940.0,UG
Imperial College London,Medicine MBBS/BSc,53700.0,UG
Imperial College London,Molecular Bioengineering MEng,40940.0,UG
Imperial College London,Allergy,43250.0,PG
Imperial College London,Applied Genomics MSc,43250.0,PG
Imperial College London,Bioengineering MRes,40900.0,PG
Imperial College London,Biomedical Engineering (Biomaterials) MSc,40900.0,PG
Imperial College London,Biomedical Engineering (Biomechanics and Mechanobiology) MSc,40900.0,PG
Imperial College London,Biomedical Engineering (Computational Bioengineering) MSc,40900.0,PG
Imperial College London,Biomedical Engineering (Medical Physics) MSc,40900.0,PG
Imperial College London,Biomedical Engineering (Neurotechnology) MSc,40900.0,PG
Imperial College London,"Biomedical Research (Anaesthetics, Pain Medicine and Intensive Care) MRes",43250.0,PG
Imperial College London,Biomedical Research (Bacterial Pathogenesis and Infection) MRes,43250.0,PG
Imperial College London,Biomedical Research MRes,43250.0,PG
Imperial College London,Biomedical Research (Microbiome in Health and Disease) MRes,43250.0,PG
Imperial College London,Biomedical Research (Molecular Basis of Human Disease) MRes,43250.0,PG
Imperial College London,Biomedical Research (Respiratory and Cardiovascular Science) MRes,43250.0,PG
Imperial College London,Cancer Biology MRes,43250.0,PG
Imperial College London,Cancer Informatics MRes,43250.0,PG
Imperial College London,Cancer Innovation MRes,43250.0,PG
Imperial College London,Cancer Technology MRes,40900.0,PG
Imperial College London,Cardiovascular and Respiratory Healthcare,43250.0,PG
Imperial College London,Clinical Research,43250.0,PG
Imperial College London,Drug Discovery and Development: Multidisciplinary Science for Next Generation Therapeutics MRes,40500.0,PG
Imperial College London,Engineering for Biomedicine MSc,40900.0,PG
Imperial College London,Experimental Neuroscience MRes,43250.0,PG
Imperial College London,Global Master of Public Health (Online),12300.0,PG
Imperial College London,Human and Biological Robotics MSc,40900.0,PG
Imperial College London,Human Molecular Genetics MSc,43250.0,PG
Imperial College London,Machine Learning and Big Data in the Physical Sciences MRes,40800.0,PG
Imperial College London,Public Health MPH,43250.0,PG
Imperial College London,Medical Device Design and Entrepreneurship MRes,40900.0,PG
Imperial College London,Medical Robotics and Image-Guided Intervention MRes,43250.0,PG
Imperial College London,Medical Robotics and Image-Guided Intervention MRes €“ Clinical Robotics and AI,43250.0,PG
Imperial College London,Medical Ultrasound (Echocardiography) MSc,43250.0,PG
Imperial College London,Medical Ultrasound (Vascular) MSc,43250.0,PG
Imperial College London,MSc Bioscience Futures,43250.0,PG
Imperial College London,Neurotechnology MRes,40900.0,PG
Imperial College London,Reproductive and Developmental Biology,43250.0,PG
Imperial College London,Soft Electronic Materials MRes,40800.0,PG
Imperial College London,Translational Neuroscience MSc,43250.0,PG
Imperial College London,Allergy,43250.0,PG
Imperial College London,Clinical Research,43250.0,PG
Imperial College London,Global Master of Public Health (Online),12300.0,PG
Imperial College London,Geophysics BSc,40940.0,UG
Imperial College London,Geophysics MSci,40940.0,UG
Imperial College London,Materials Science and Engineering MEng,40940.0,UG
Imperial College London,Materials Science and Engineering BEng,40940.0,UG
Imperial College London,Materials with Nuclear Engineering MEng,40940.0,UG
Imperial College London,Physics BSc,41650.0,UG
Imperial College London,Physics MSci,41650.0,UG
Imperial College London,Physics with Theoretical Physics MSci,41650.0,UG
Imperial College London,Physics with Theoretical Physics BSc,41650.0,UG
Imperial College London,Machine Learning and Big Data in the Physical Sciences MRes,40800.0,PG
Imperial College London,Soft Electronic Materials MRes,40800.0,PG
Imperial College London,"Biomedical Research (Epidemiology, Evolution and Control of Infectious Diseases) MRes",43250.0,PG
Imperial College London,Environmental Engineering MSc,40900.0,PG
Imperial College London,Epidemiology MSc,43250.0,PG
Imperial College London,Global Master of Public Health (Online),12300.0,PG
Imperial College London,Health Data Analytics and Machine Learning MSc,43250.0,PG
Imperial College London,Public Health MPH,43250.0,PG
Imperial College London,Global Master of Public Health (Online),12300.0,PG
Imperial College London,Computing (Security and Reliability) MEng,40940.0,UG
Imperial College London,Applied Machine Learning MSc,41750.0,PG
Imperial College London,Computing (Security and Reliability) MSc,41750.0,PG
King's College London,"Accounting, Accountability and Financial Management MSc",40140.0,PG
King's College London,"Advanced Clinical Practice MSc, PG Dip, PG Cert",5280.0,PG
King's College London,Aerospace Medicine MSc,40140.0,PG
King's College London,Applied Neuroscience MSc,10422.0,PG
King's College London,Applied Neuroscience PGDip,10422.0,PG
King's College London,Banking & Finance MSc,40140.0,PG
King's College London,Basic & Medical Biosciences Research MD(Res),58470.0,PG
King's College London,Biomedical & Molecular Sciences Research MRes,44496.0,PG
King's College London,Clinical Dermatology MSc,44496.0,PG
King's College London,Clinical Education MA,11086.0,PG
King's College London,Clinical Education PGCert,11086.0,PG
King's College London,Clinical Education PGDip,11086.0,PG
King's College London,Diabetes Clinical Care and Management MSc,11086.0,PG
King's College London,Economics for Competition Law Master of Arts MA,4419.0,PG
King's College London,Economics for Competition Law PGDip,8250.0,PG
King's College London,Endodontology MClinDent,45900.0,PG
King's College London,EU Competition Law Master of Arts MA,4419.0,PG
King's College London,EU Competition Law PgDip,8250.0,PG
King's College London,Family Therapy Grad Cert,11052.0,PG
King's College London,Finance (Asset Pricing) MSc,40140.0,PG
King's College London,Finance (Corporate Finance) MSc,40140.0,PG
King's College London,Finance Analytics MSc,40140.0,PG
King's College London,Forensic Science MRes,44496.0,PG
King's College London,Global Security MA,9732.0,PG
King's College London,Global Security PG Cert,6488.0,PG
King's College London,Global Security PG Dip,9732.0,PG
King's College London,International Affairs MA,9732.0,PG
King's College London,International Affairs PG Dip,9732.0,PG
King's College London,International Affairs PGCert,6488.0,PG
King's College London,International Relations & War MA,11760.0,PG
King's College London,International Tax Law LLM Online,12468.0,PG
King's College London,Maxillofacial Prosthetic Rehabilitation MSc,10812.0,PG
King's College London,Orthodontics MSc,61188.0,PG
King's College London,Paediatric Dentistry DClinDent,61188.0,PG
King's College London,Periodontology MClinDent,45900.0,PG
King's College London,Prosthodontics MClinDent,45900.0,PG
King's College London,Psychology and Neuroscience of Mental Health MSc,9924.0,PG
King's College London,Psychology and Neuroscience of Mental Health PGCert,6948.0,PG
King's College London,Psychology and Neuroscience of Mental Health PGDip,10422.0,PG
King's College London,Public Health MSc,9000.0,PG
King's College London,Specialist Community Public Health Nursing/Health Visiting/School Nursing MSc/PG Dip,8760.0,PG
King's College London,Stem Cell and Regenerative Therapies: From Bench to Market MSc,44496.0,PG
King's College London,"UK, EU & US Copyright Law PG Dip",7800.0,PG
King's College London,Dental Therapy & Hygiene,54313.0,UG
King's College London,Dentistry,54313.0,UG
King's College London,Dentistry Entry Programme for Medical Graduates,54313.0,UG
King's College London,Dentistry Graduate/Professional Entry Programme,54313.0,UG
King's College London,English Law & French Law,10944.0,UG
King's College London,English Law & German Law,10944.0,UG
King's College London,English Law & Hong Kong Law,10944.0,UG
King's College London,English Law & Spanish Law,10944.0,UG
King's College London,Enhanced Support Dentistry Programme,54313.0,UG
King's College London,Sport & Exercise Medical Sciences,48600.0,UG
London School of Economics,MSc in Finance (Full Time),44928.0,PG
London School of Economics,MSc in Finance and Private Equity,44928.0,PG
London School of Economics,Master of Public Policy (MPP),41040.0,PG
London School of Economics,MSc in Risk and Finance,41760.0,PG
Queen Mary University of London,Advanced Neonatal Practice Online MSc,13250.0,PG
Queen Mary University of London,Aesthetic Medicine Online MSc,13650.0,PG
Queen Mary University of London,Aesthetic Medicine Online PGCert,9450.0,PG
Queen Mary University of London,Aesthetic Medicine Online PGDip,9450.0,PG
Queen Mary University of London,Astronomy and Astrophysics PGCert,9650.0,PG
Queen Mary University of London,Cancer and Clinical Oncology Online PGDip,9650.0,PG
Queen Mary University of London,Cancer and Therapeutics Online PGDip,9650.0,PG
Queen Mary University of London,Clinical Microbiology PGDip,9650.0,PG
Queen Mary University of London,Clinical Oral Microbiology DClinDent,60250.0,PG
Queen Mary University of London,Craniofacial Trauma Reconstruction Online MSc,13250.0,PG
Queen Mary University of London,Critical Care Online PGCert,13450.0,PG
Queen Mary University of London,Critical Care Online PGDip,13450.0,PG
Queen Mary University of London,"Dental Public Health, Policy and Leadership Online MSc",11450.0,PG
Queen Mary University of London,"Dental Public Health, Policy and Leadership Online PGCert",8850.0,PG
Queen Mary University of London,"Dental Public Health, Policy and Leadership Online PGDip",8850.0,PG
Queen Mary University of London,Dental Science for Clinical Practice MSc,40250.0,PG
Queen Mary University of London,Emergency and Resuscitation Medicine Online MSc,8850.0,PG
Queen Mary University of London,Emergency and Resuscitation Medicine Online PGDip,8850.0,PG
Queen Mary University of London,Endocrinology and Diabetes Online PGDip,9650.0,PG
Queen Mary University of London,English Language Teaching PGCert,8000.0,PG
Queen Mary University of London,Gastroenterology Online PGDip,9650.0,PG
Queen Mary University of London,Genomic Medicine (HEE Funded) Online MSc,13650.0,PG
Queen Mary University of London,Genomic Medicine (HEE Funded) Online PGCert,9100.0,PG
Queen Mary University of London,Genomic Medicine (HEE Funded) Online PGDip,9100.0,PG
Queen Mary University of London,Genomic Medicine (HEE Funded) PGCert,9100.0,PG
Queen Mary University of London,Health Data in Practice MRes,4700.0,PG
Queen Mary University of London,Intellectual Property Law (IP Reg) PGCert,10000.0,PG
Queen Mary University of London,International Finance Law PGCert,10000.0,PG
Queen Mary University of London,Language Teaching PGCert,8000.0,PG
Queen Mary University of London,Law and Economics PGCert,10000.0,PG
Queen Mary University of London,Law and Finance PGCert,10000.0,PG
Queen Mary University of London,Law PGCert,10000.0,PG
Queen Mary University of London,Laws PGDip,10000.0,PG
Queen Mary University of London,Medical Education Online PGCert,8000.0,PG
Queen Mary University of London,Medical Education PGCert,8000.0,PG
Queen Mary University of London,Mental Health: Cultural Psychology and Psychiatry Online PGDip,8000.0,PG
Queen Mary University of London,Minimally Invasive Dentistry DClinDent,60250.0,PG
Queen Mary University of London,Minimally Invasive Dentistry MSc,53500.0,PG
Queen Mary University of London,Neuromodulation and Pain Management (online),6000.0,PG
Queen Mary University of London,Neuroscience PGCert,9100.0,PG
Queen Mary University of London,Oral Medicine DClinDent,60250.0,PG
Queen Mary University of London,Oral Surgery DClinDent,60250.0,PG
Queen Mary University of London,Orthodontics DClinDent,60250.0,PG
Queen Mary University of London,Orthopaedic Trauma Science Online MSc,13650.0,PG
Queen Mary University of London,Paediatric Dentistry DClinDent,60250.0,PG
Queen Mary University of London,Paediatric Emergency Medicine Online MSc,8850.0,PG
Queen Mary University of London,Paediatric Emergency Medicine Online PGCert,8850.0,PG
Queen Mary University of London,Paediatric Emergency Medicine Online PGDip,8850.0,PG
Queen Mary University of London,Periodontology DClinDent,60250.0,PG
Queen Mary University of London,Perioperative Medicine PGCert,13450.0,PG
Queen Mary University of London,Prehospital Medicine MSc,12000.0,PG
Queen Mary University of London,"Technology, Media and Telecommunications Law Online LLM",7550.0,PG
Queen Mary University of London,"Technology, Media and Telecommunications Law Online PGCert",5050.0,PG
Queen Mary University of London,"Technology, Media and Telecommunications Law Online PGDip",10050.0,PG
Queen Mary University of London,Trade Mark Law and Practice PGCert,10000.0,PG
Queen Mary University of London,Trauma Sciences (Military and Humanitarian) Online MSc,13650.0,PG
Queen Mary University of London,Trauma Sciences Online MSc,13650.0,PG
Queen Mary University of London,Tuberculosis Online PGCert,3000.0,PG
University of Birmingham,BDS Dental Surgery,9250.0,UG
University of Birmingham,MBChB Medicine and Surgery,9250.0,UG
University of Bristol,MSc Oral Medicine,45000.0,PG
University of Bristol,PG Certificate (Postgraduate Certificate) Clinical Neuropsychology Practice,5400.0,PG
University of Bristol,PG Diploma (Postgraduate Diploma) Applied Neuropsychology (Online),13600.0,PG
University of Bristol,BDS Dentistry,46500.0,UG
University of Bristol,MB ChB Medicine,42800.0,UG
University of Cambridge,MPhil in Translational Biomedical Research,43536.0,PG
University of Cambridge,MPhil in Machine Learning and Machine Intelligence,41694.0,PG
University of Cambridge,"MPhil in Industrial Systems, Manufacture and Management",43488.0,PG
University of Cambridge,MPhil in Genomic Medicine,43536.0,PG
University of Cambridge,MPhil in Finance,41694.0,PG
University of Cambridge,MPhil in Advanced Computer Science,41694.0,PG
University of Cambridge,MPhil in Advanced Chemical Engineering,41694.0,PG
University of Cambridge,Master of Finance (MFin),55080.0,PG
University of Cambridge,Master of Corporate Law (MCL),42000.0,PG
University of Cambridge,Master of Business Administration (MBA),69000.0,PG
University of Cambridge,Graduate course in Medicine,67194.0,UG
University of Cambridge,Medicine,67194.0,UG
University of Cambridge,Veterinary Medicine,67194.0,UG
University of Cardiff,Assistant Radiographic Practice (Clinical Imaging) (CertHE),1223.0,UG
University of Cardiff,Bachelor of Nursing (Child) (BN),1239.0,UG
University of Cardiff,Bachelor of Nursing (Mental Health) Autumn Intake (BN),1237.0,UG
University of Cardiff,Bachelor of Nursing (Mental Health) Spring Intake (BN),1245.0,UG
University of Cardiff,Dental Hygiene (DipHE),7102.0,UG
University of Cardiff,Dental Therapy and Dental Hygiene (BSc),7102.0,UG
University of Cardiff,Diagnostic Radiography and Imaging (BSc),1223.0,UG
University of Cardiff,Midwifery (BMid),1273.0,UG
University of Cardiff,Occupational Therapy (BSc),1229.0,UG
University of Cardiff,Physiotherapy (BSc),1215.0,UG
University of Cardiff,Radiotherapy and Oncology (BSc),1219.0,UG
University of Cardiff,Return to Practice (Nursing) (Institutional Undergraduate Credit) Part Time Blended Learning,3353.0,UG
University of Cardiff,Stand Alone Module (degree level) (January Start) (BSc) Part time,3142.0,UG
University of Cardiff,Stand Alone Module (degree level) (September Start) (BSc) Part time,3127.0,UG
University of Cardiff,Advanced Surgical Practice (MSc),9450.0,PG
University of Cardiff,Advancing Practice in Neonatology (MSc),9450.0,PG
University of Cardiff,Architecture (MArch),14100.0,PG
University of Cardiff,Architecture: Professional Practice (PgDip),6450.0,PG
University of Cardiff,Clinical Dentistry (Endodontology) (MClinDent),50700.0,PG
University of Cardiff,Clinical Dentistry (Prosthodontics) (MClinDent),50700.0,PG
University of Cardiff,Clinical Geriatrics (MSc),9450.0,PG
University of Cardiff,Clinical Pharmacy (2 years) (PgDip),9150.0,PG
University of Cardiff,Clinical Pharmacy (3 years) (PgDip),6100.0,PG
University of Cardiff,Clinical Pharmacy (MSc),9150.0,PG
University of Cardiff,Critical Care (MSc),9450.0,PG
University of Cardiff,Diabetes Practice (MSc),9450.0,PG
University of Cardiff,Genetic and Genomic Counselling (MSc),12200.0,PG
University of Cardiff,Implantology (MSc),43450.0,PG
University of Cardiff,Legal Aspects of Medical Practice (LLM),11475.0,PG
University of Cardiff,Medical Education (PgCert),5900.0,PG
University of Cardiff,Medical Toxicology (MSc),9450.0,PG
University of Cardiff,Medical Toxicology (PgCert),9450.0,PG
University of Cardiff,Orthodontics (MScD),50700.0,PG
University of Cardiff,Palliative Medicine for Health Care Professionals (MSc),9450.0,PG
University of Cardiff,Practical Dermatology (MSc),9450.0,PG
University of Cardiff,Wound Healing and Tissue Repair (MSc),9450.0,PG
University of Cardiff,Bachelor of Nursing (Adult) Autumn Intake (BN),9000.0,UG
University of Cardiff,Bachelor of Nursing (Adult) Spring Intake (BN),9000.0,UG
University of Cardiff,Medicine (MBBCh),43700.0,UG
University of Cardiff,Medicine: Graduate Entry (MBBCh),43700.0,UG
University of Durham,Supply Chain Management (Executive),8500.0,PG
University of Durham,Catholic Theology (Distance Learning),9900.0,PG
University of Durham,Catholic Theology (Distance Learning),9900.0,PG
University of Durham,Continuing Professional Development - Catholic Theology,5000.0,PG
University of Durham,Medical Humanities (Online),9100.0,PG
University of Edinburgh,Business Administration (MBA) (Full-time) - 12 Months,40900.0,PG
University of Edinburgh,Business Administration (Online Learning) (MBA) - 33 Months (Part-Time),11335.0,PG
University of Edinburgh,Business Administration with International Exchange (MBA) (Full-time) - 12 Months,40900.0,PG
University of Edinburgh,Counselling (MCouns) (Part-time) - 4 years,7828.0,PG
University of Edinburgh,Counselling (PgDip) - 3 Years (Part-time),8117.0,PG
University of Edinburgh,Counselling Studies (PgCert) (Part-time),7828.0,PG
University of Edinburgh,Interdisciplinary Futures (PG Cert) - 9 Months (Part-time),9600.0,PG
University of Edinburgh,Surgical Sciences (Online Learning) (MSc) (Part-time),5066.0,PG
University of Edinburgh,MBChB Medicine (6-year programme),46500.0,UG
University of Edinburgh,Advanced Clinical Practice (MVetSci) (Online Learning) - 3 Years (Part-time),6370.0,PG
University of Edinburgh,Advanced Nursing (MSc) - 3 Years (Part-time),9600.0,PG
University of Edinburgh,Advanced Nursing (Online Learning) (MSc) - 2 Years (Part-time),7600.0,PG
University of Edinburgh,Advanced Nursing (Online Learning) (MSc) - 3 Years (Part-time),5070.0,PG
University of Edinburgh,Advanced Professional Studies (Adult Protection) PgCert,9600.0,PG
University of Edinburgh,Advanced Professional Studies (Mental Health Officer Award) (PgCert),9600.0,PG
University of Edinburgh,Advanced Social Work Studies (Mental Health Officer Award) (PgCert) (Part-time),9600.0,PG
University of Edinburgh,Advanced Technology for Financial Computing (MSc) - 1 Year (Full-Time),40900.0,PG
University of Edinburgh,Anatomical Sciences (PgCert) (Online Learning) - 1 Year,6370.0,PG
University of Edinburgh,Anatomical Sciences (PgDip) (Online Learning) - 2 years,6370.0,PG
University of Edinburgh,Ancient Worlds (Archaeology and Classics) (Online Learning) (MSc) - 2 Years (Part-Time),8550.0,PG
University of Edinburgh,Animal Breeding and Genetics (MSc) (Full-time),40900.0,PG
University of Edinburgh,Animal Breeding and Genetics (PgDip),40900.0,PG
University of Edinburgh,Applied Animal Behaviour and Animal Welfare (MSc) (Part-time) - 2 Years,12350.0,PG
University of Edinburgh,Applied Animal Behaviour and Animal Welfare (MSc) (Part-time) - 3 Years,8235.0,PG
University of Edinburgh,Applied Conservation Genetics with Wildlife Forensics (MSc) (Online Learning) - 3 Years (Part-time),6370.0,PG
University of Edinburgh,Applied Poultry Science (Online Learning) (MSc) (SRUC) - 3 Years,6370.0,PG
University of Edinburgh,Artificial Intelligence (MSc) (Full-time),40900.0,PG
University of Edinburgh,Artificial Intelligence (MSc) (Part-time) - 3 Years,13635.0,PG
University of Edinburgh,Biochemistry (MSC),40900.0,PG
University of Edinburgh,Biochemistry (PgDip),40900.0,PG
University of Edinburgh,Biodiversity and Taxonomy of Plants (MSc),40900.0,PG
University of Edinburgh,Biodiversity and Taxonomy of Plants (PgDip),40900.0,PG
University of Edinburgh,"Biodiversity, Wildlife and Ecosystem Health (Online Learning) (MSc) (Part-time)",6370.0,PG
University of Edinburgh,"Biodiversity, Wildlife and Ecosystem Health (Online Learning) (PgCert) (Part-time)",6370.0,PG
University of Edinburgh,"Biodiversity, Wildlife and Ecosystem Health (Online Learning) (PgDip) (Part-time)",6370.0,PG
University of Edinburgh,Bioinformatics (MSc),40900.0,PG
University of Edinburgh,Bioinformatics (PgDip),40900.0,PG
University of Edinburgh,Biotechnology (MSc),40900.0,PG
University of Edinburgh,Biotechnology (PgDip),40900.0,PG
University of Edinburgh,Cancer Biology and Precision Oncology (Online Learning) (MSc) - 3 Years (Part-time),6370.0,PG
University of Edinburgh,Cancer Biology and Precision Oncology (Online Learning) (PgCert) - 1 Year (Part-time),6370.0,PG
University of Edinburgh,Cancer Biology and Precision Oncology (Online Learning) (PgDip) - 2 Years (Part-time),6370.0,PG
University of Edinburgh,Carbon Capture and Storage (MSc) (Part-time) - 3 Years,11335.0,PG
University of Edinburgh,Carbon Innovation (PG Cert) (Online Learning) - 1 Year (Part-time),6370.0,PG
University of Edinburgh,Carbon Management (MSC) - 3 Years (Part-time),11335.0,PG
University of Edinburgh,Carbon Management (Online Learning) (MSc) - 2 Years (Part-time),9550.0,PG
University of Edinburgh,Carbon Management (Online Learning) (MSc) - 3 Years (Part-time),6370.0,PG
University of Edinburgh,Carbon Management (Online Learning) (Pg Dip) - 2 Years,6370.0,PG
University of Edinburgh,Climate Change Management (Online Learning) Pg Cert - 1 Year (Part-time),6370.0,PG
University of Edinburgh,Clinical Animal Behaviour (Online Learning) (MSc) - 3 Years (Part-time),6370.0,PG
University of Edinburgh,Clinical Education (Online Learning) (MSc) (Part-time),5700.0,PG
University of Edinburgh,Clinical Education (Online Learning) (PgCert) (Part-time),5700.0,PG
University of Edinburgh,Clinical Education (Online Learning) (PgDip) (Part-time),5700.0,PG
University of Edinburgh,Clinical Management of Pain (Online Learning) (MSc) - 3 Years (Part-time),5700.0,PG
University of Edinburgh,Clinical Management of Pain (Online Learning) (PgCert) - 1 Year (Part-time),5700.0,PG
University of Edinburgh,Clinical Management of Pain (Online Learning) (PgDip) - 2 Years (Part-time),5700.0,PG
University of Edinburgh,Clinical Microbiology and Infectious Diseases (Online Learning) (MSc),6370.0,PG
University of Edinburgh,Clinical Microbiology and Infectious Diseases (Online Learning) (PgCert),6370.0,PG
University of Edinburgh,Clinical Microbiology and Infectious Diseases (Online Learning) (PgDip),6370.0,PG
University of Edinburgh,Clinical Ophthalmology (Online Learning) (ChM) - 2 Years (Part-time),7600.0,PG
University of Edinburgh,Clinical Trials (Online Learning) (MSc) - 3 years (Part-time),6370.0,PG
University of Edinburgh,Clinical Trials (Online Learning) (PgCert) - 1 year (Part-time),6370.0,PG
University of Edinburgh,Clinical Trials (Online Learning) (PgDip) - 2 years (Part-time),6370.0,PG
University of Edinburgh,Cognitive Science (MSc) (Full-time),40900.0,PG
University of Edinburgh,Cognitive Science (MSc) (Part-time) - 3 Years,13635.0,PG
University of Edinburgh,Commercial Law (LLM) (Part-time),13650.0,PG
University of Edinburgh,Comparative and European Private Law (LLM) (Part-time),13650.0,PG
University of Edinburgh,Competition Law and Innovation (LLM) (Part-time),13650.0,PG
University of Edinburgh,Computational Chemistry and Modelling (Online Learning) (PgCert) (Full-time),7870.0,PG
University of Edinburgh,Computer Science (MSc) (Full-time),40900.0,PG
University of Edinburgh,Computer Science (MSc) (Part-time) - 3 Years,13635.0,PG
University of Edinburgh,Conservation Medicine (MVetSci ) (Online Learning) (Part-time),6370.0,PG
University of Edinburgh,Conservation Medicine (PgCert) (Online Learning) (Part-time),6370.0,PG
University of Edinburgh,Conservation Medicine (PgDip) (Online Learning) (Part-time),6370.0,PG
University of Edinburgh,Corporate Law (LLM) (Part-time),13650.0,PG
University of Edinburgh,Counselling Studies (MSc) (Part-time) - 3 Years,9600.0,PG
University of Edinburgh,Criminal Law (LLM) (Part-time),13650.0,PG
University of Edinburgh,Criminal Law and Criminal Justice (LLM) (Part-time),13650.0,PG
University of Edinburgh,Critical Care (Online Learning) (MSc) - 3 years (Part-time),6370.0,PG
University of Edinburgh,Critical Care (Online Learning) (PgCert) - 1 year (Part-time),6370.0,PG
University of Edinburgh,Critical Care (Online Learning) (PgDip) - 2 years (Part-time),6370.0,PG
University of Edinburgh,"Cyber Security, Privacy and Trust (MSc) - 1 Year (Full-time)",40900.0,PG
University of Edinburgh,"Cyber Security, Privacy and Trust (MSc) - 3 Years (Part-time)",13635.0,PG
University of Edinburgh,Data and Decision Analytics (Online Learning) (MSc),10200.0,PG
University of Edinburgh,Data Science (MSc) (Full-time),40900.0,PG
University of Edinburgh,Data Science (MSc) (Part-time) - 3 Years,13635.0,PG
University of Edinburgh,Data Science for Biology (MSc),40900.0,PG
University of Edinburgh,Data Science for Health and Social Care (Online Learning) (MSc) - 3 Years (Part-time),6370.0,PG
University of Edinburgh,Data Science for Health and Social Care (Online Learning) (PgCert) - 1 Year (Part-time),6370.0,PG
University of Edinburgh,Data Science for Health and Social Care (Online Learning) (PgDip) - 2 Years (Part-time),6370.0,PG
University of Edinburgh,"Data Science, Technology and Innovation (Anaesthesia and Critical Care) (Online Learning) (PgDip) - 2 Years (Part-time)",6370.0,PG
University of Edinburgh,Dental Sedation and Anxiety Management (Online Learning) (PgCert) - 1 Year (Part-time),9600.0,PG
University of Edinburgh,Design Informatics (MA (eca)),40900.0,PG
University of Edinburgh,Design Informatics (MSc) (Full-time),40900.0,PG
University of Edinburgh,Drug Discovery and Translational Biology (MSc),40900.0,PG
University of Edinburgh,Earth Observation and Geoinformation Management (MSc) - 3 Years (Part-time),11335.0,PG
University of Edinburgh,Ecological Economics (SAC) (MSc) (Part-time) - 3 years,12235.0,PG
University of Edinburgh,Education (Child and Adolescent Psychology) (MSc) - 3 Years (Part-time),9600.0,PG
University of Edinburgh,Education (Comparative Education and International Development) (MSc) - 3 Years (Part-time),9600.0,PG
University of Edinburgh,Education (Early Childhood Practice and Froebel) (MSc) - 3 Years (Part-time),9600.0,PG
University of Edinburgh,Education (Early Childhood Practice and Froebel) (PgCert) - 4 Months (Full-time),9600.0,PG
University of Edinburgh,Education (MSc) (Part-time) - 3 Years,9600.0,PG
University of Edinburgh,Education (Philosophy of Education) (MSc) - 3 Years (Part-time),9600.0,PG
University of Edinburgh,Education (Research) (MSc) - 3 Years (Part-time),9600.0,PG
University of Edinburgh,Endodontology (DCD) - 3 Years (Full-time),61500.0,PG
University of Edinburgh,Environment and Development (MSc) (Part-time) - 3 Years,12235.0,PG
University of Edinburgh,Environmental Protection and Management (SAC) (MSc) (Part-time) - 3 Years,12235.0,PG
University of Edinburgh,Environmental Sustainability (MSc) (Part-time) - 3 Years,11335.0,PG
University of Edinburgh,Epidemiology (Online Learning) (MSc) - 3 Years (Part-time),6370.0,PG
University of Edinburgh,Epidemiology (Online Learning) (PgCert) - 1 Year (Part-time),6370.0,PG
University of Edinburgh,Epidemiology (Online Learning) (PgDip) - 2 Years (Part-time),6370.0,PG
University of Edinburgh,Equine Science (Online Learning) (MSc) (Part-time),6370.0,PG
University of Edinburgh,Equine Science (Online Learning) (PgDip) (Part-time),6370.0,PG
University of Edinburgh,European Law (LLM) (Part-time),13650.0,PG
University of Edinburgh,Evolutionary Genetics (MSc) (Full-time),40900.0,PG
University of Edinburgh,Evolutionary Genetics (PgDip),40900.0,PG
University of Edinburgh,Family Medicine (MFM) (Online Learning) - 2 years (Part-time),7600.0,PG
University of Edinburgh,Family Medicine (MFM) (Online Learning) - 3 Years (Part-time),5070.0,PG
University of Edinburgh,Food Safety (MSc) (Online Learning) - 3 Years (Part-time),6370.0,PG
University of Edinburgh,Food Security (SAC) (MSc) (Part-time) - 3 Years,12235.0,PG
University of Edinburgh,General Surgery (Online Learning) (ChM) (Part-time),7600.0,PG
University of Edinburgh,Geoenergy (MSc) - 3 Years (Part-Time),11335.0,PG
University of Edinburgh,Geographical Information Science (MSc) (Part-time) - 3 Years,11335.0,PG
University of Edinburgh,Geographical Information Science and Archaeology (MSc) - 3 Years (Part-time),11770.0,PG
University of Edinburgh,Global Challenges (Online Learning) MSc - 3 Years,6370.0,PG
University of Edinburgh,"Global Crime, Justice and Security (MSc) (Part-time)",13650.0,PG
University of Edinburgh,Global Development Challenges (Online Learning) (PgCert) - 12 Months,6370.0,PG
University of Edinburgh,Global Environment and Climate Change Law (LLM) (Part-time),13650.0,PG
University of Edinburgh,Global Environmental Challenges (Online Learning) (PgCert) (Part-time),6370.0,PG
University of Edinburgh,Global Food Security and Nutrition (Online Learning) (MSc) (SRUC) - 3 Years (Part-time),6370.0,PG
University of Edinburgh,Global Health and Infectious Diseases (Online Learning) (MSc) (Part-time),6370.0,PG
University of Edinburgh,Global Health and Infectious Diseases (Online Learning) (PgCert) (Part-time),6370.0,PG
University of Edinburgh,Global Health and Infectious Diseases (Online Learning) (PgDip),6370.0,PG
University of Edinburgh,Global Health and Public Policy (MSc) (Part-time) - 3 Years,9600.0,PG
University of Edinburgh,Global Health Challenges (Online Learning) (PgCert) (Part-time),6370.0,PG
University of Edinburgh,Global Health: Non Communicable Diseases (Online Learning) (MSc),6370.0,PG
University of Edinburgh,High Performance Computing (MSc) 3 Years (Part-time),11770.0,PG
University of Edinburgh,High Performance Computing with Data Science (MSc) 3 Years (Part-time),11770.0,PG
University of Edinburgh,History (Online Learning) MSc - 2 Years (Part-time),8550.0,PG
University of Edinburgh,Human Complex Trait Genetics (MSc) (Full-time),40900.0,PG
University of Edinburgh,Human Complex Trait Genetics (PgDip),40900.0,PG
University of Edinburgh,Human Rights (LLM) (Part-time) - 2 Years,13650.0,PG
University of Edinburgh,Imaging (Online Learning) (MSc) - 3 Years (Part-Time),6370.0,PG
University of Edinburgh,Inclusive Education (Bilingual Learners) (PgDip) - 2 Years (Part-time),9600.0,PG
University of Edinburgh,Inclusive Education (Deaf Learners) (PgDip) - 2 Years (Part-time),9600.0,PG
University of Edinburgh,Inclusive Education (PgDip) - 2 Years (Part-time),9600.0,PG
University of Edinburgh,Inclusive Education (Visually Impaired Learners) (PgDip) - 2 Years (Part-time),9600.0,PG
University of Edinburgh,Information Technology Law (Online Learning) (LLM) (Part-time) - 2 Years,12350.0,PG
University of Edinburgh,Information Technology Law (Online Learning) (LLM) (Part-time) - 20 Months,12350.0,PG
University of Edinburgh,Information Technology Law (Online Learning) (LLM) (Part-time) - 3 Years,8235.0,PG
University of Edinburgh,Information Technology Law (Online Learning) (LLM) (Part-time) - 32 Months,8235.0,PG
University of Edinburgh,"Innovation, Technology and the Law (LLM) (Part-time)",13650.0,PG
University of Edinburgh,"Innovation, Technology and the Law (Online Learning) (LLM) (Part-time) - 2 Years",12350.0,PG
University of Edinburgh,"Innovation, Technology and the Law (Online Learning) (LLM) (Part-time) - 20 Months",12350.0,PG
University of Edinburgh,"Innovation, Technology and the Law (Online Learning) (LLM) (Part-time) - 3 Years",8235.0,PG
University of Edinburgh,"Innovation, Technology and the Law (Online Learning) (LLM) (Part-time) - 32 Months",8235.0,PG
University of Edinburgh,Intellectual Property Law (LLM) (Part-time),13650.0,PG
University of Edinburgh,Intellectual Property Law (Online Learning) (LLM) (Part-time) - 2 Years,12350.0,PG
University of Edinburgh,Intellectual Property Law (Online Learning) (LLM) (Part-time) - 20 Months,12350.0,PG
University of Edinburgh,Intellectual Property Law (Online Learning) (LLM) (Part-time) - 3 Years,8235.0,PG
University of Edinburgh,Intellectual Property Law (Online Learning) (LLM) (Part-time) - 32 Months,8235.0,PG
University of Edinburgh,Internal Medicine (Online Learning) (MSc) (Part-time),6370.0,PG
University of Edinburgh,Internal Medicine (Online Learning) (PgCert) (Part-time),6370.0,PG
University of Edinburgh,Internal Medicine (Online Learning) (PgDip) (Part-time),6370.0,PG
University of Edinburgh,International Animal Health (Online Learning) (MSc) (Part-time),6370.0,PG
University of Edinburgh,International Animal Health (Online Learning) (PgCert) (Part-time),6370.0,PG
University of Edinburgh,International Animal Health (Online Learning) (PgDip) (Part-time),6370.0,PG
University of Edinburgh,"International Animal Welfare, Ethics & Law (Online Learning) (MSc) (Part-time)",6370.0,PG
University of Edinburgh,"International Animal Welfare, Ethics & Law (Online Learning) (PgCert) (Part-time)",6370.0,PG
University of Edinburgh,International Commercial Law and Practice(Online Learning) (LLM) - 2 years (part-time),12350.0,PG
University of Edinburgh,International Commercial Law and Practice(Online Learning) (LLM) - 20 months (part-time),12350.0,PG
University of Edinburgh,International Commercial Law and Practice(Online Learning) (LLM) - 3 years (part-time),8235.0,PG
University of Edinburgh,International Commercial Law and Practice(Online Learning) (LLM) - 32 months (part-time),8235.0,PG
University of Edinburgh,International Development (Online Learning) (MSc) - 2 Years (Part-time),9000.0,PG
University of Edinburgh,International Development (Online Learning) (MSc) - 3 Years (Part-time),6000.0,PG
University of Edinburgh,International Economic Law (LLM) (Part-time),13650.0,PG
University of Edinburgh,International Law (LLM) (Part-time),13650.0,PG
University of Edinburgh,Language Education (PgDip) - 21 Month (Part-time),9600.0,PG
University of Edinburgh,Law (LLM) (Part-time),13650.0,PG
University of Edinburgh,Law (Online Learning) (LLM) (Part-time) - 2 Years,12350.0,PG
University of Edinburgh,Law (Online Learning) (LLM) (Part-time) - 20 Months,12350.0,PG
University of Edinburgh,Law (Online Learning) (LLM) (Part-time) - 3 Years,8235.0,PG
University of Edinburgh,Law (Online Learning) (LLM) (Part-time) - 32 Months,8235.0,PG
University of Edinburgh,Law (Online Learning) (PgCert) (Full-time),8235.0,PG
University of Edinburgh,Law (Online Learning) (PgCert) (Part-time),4120.0,PG
University of Edinburgh,Law (Online Learning) (PgCert) Part-time 12 months,8235.0,PG
University of Edinburgh,Leading Digital Transformation in Health and Care for Scotland (MSc),6370.0,PG
University of Edinburgh,Leading Digital Transformation in Health and Care for Scotland (PgCert),6370.0,PG
University of Edinburgh,Leading Digital Transformation in Health and Care for Scotland (PgDip),6370.0,PG
University of Edinburgh,Managing Environmental Change (MSc) - 3 Years (Part-Time),11335.0,PG
University of Edinburgh,Marine Systems and Policies (MSc) (Part-time) - 3 Years,12235.0,PG
University of Edinburgh,Master of Public Health (MPH) (Online Learning) (Part-time),6370.0,PG
University of Edinburgh,Medical Law and Ethics (LLM) 2 Years (Part-time),13650.0,PG
University of Edinburgh,Medical Law and Ethics (Online Learning) (LLM) (Part-time) - 2 Years,12350.0,PG
University of Edinburgh,Medical Law and Ethics (Online Learning) (LLM) (Part-time) - 20 Months,12350.0,PG
University of Edinburgh,Medical Law and Ethics (Online Learning) (LLM) (Part-time) - 3 Years,8235.0,PG
University of Edinburgh,Medical Law and Ethics (Online Learning) (LLM) (Part-time) - 32 Months,8235.0,PG
University of Edinburgh,Neuroimaging for Research (Online Learning) (MSc) (Part-time),6370.0,PG
University of Edinburgh,Neurological Rehabilitation and Care (Online Learning) (PgCert),5070.0,PG
University of Edinburgh,One Health (Online Learning) (MSc) - 3 Years,6370.0,PG
University of Edinburgh,Operational Research with Data Science (MSc) - 3 Years (Part-time),9970.0,PG
University of Edinburgh,Oral Surgery (DClinDent) (Full-time),61500.0,PG
University of Edinburgh,Orthodontics (DClinDent) (Full-time),61500.0,PG
University of Edinburgh,Outdoor Education (PgDip) - 2 Years (Part-time),11770.0,PG
University of Edinburgh,Outdoor Environmental and Sustainability Education (PgDip) - 2 Years (Part-time),10900.0,PG
University of Edinburgh,Paediatric Dentistry (DClinDent) (Full-time),61500.0,PG
University of Edinburgh,Paediatric Emergency Medicine (Online Learning)  (PgDip) (Part-time),6370.0,PG
University of Edinburgh,Paediatric Emergency Medicine (Online Learning) (MSc) (Part-time),6370.0,PG
University of Edinburgh,Paediatric Emergency Medicine (Online Learning) (PgCert) (Part-time),6370.0,PG
University of Edinburgh,Patient Safety and Clinical Human Factors (Online Learning) (MSc) - 3 Years (Part-time),6370.0,PG
University of Edinburgh,Patient Safety and Clinical Human Factors (Online Learning) (PgCert) - 1 Year (Part-time),6370.0,PG
University of Edinburgh,Patient Safety and Clinical Human Factors (Online Learning) (PgDip) - 2 Years (Part-time),6370.0,PG
University of Edinburgh,Performance Psychology (PgDip) - 2 Years (Part-time),9600.0,PG
University of Edinburgh,Physical Activity for Health (PgCert),9600.0,PG
University of Edinburgh,Physical Activity for Health (PgDip) - 2 Years (Part-time),9600.0,PG
University of Edinburgh,Primary Care Ophthalmology (Online Learning) (MSc) - 3 years (Part-time),5070.0,PG
University of Edinburgh,Primary Care Ophthalmology (Online Learning) (Pg Cert) - 1 year (Part-time),5070.0,PG
University of Edinburgh,Primary Care Ophthalmology (Online Learning) (Pg Dip) - 2 years (Part-time),5070.0,PG
University of Edinburgh,Primary Dental Care (Online Learning) (MSc) (Part-time),8600.0,PG
University of Edinburgh,Primary Dental Care (Online Learning) (PgCert) (Part-time),8600.0,PG
University of Edinburgh,Primary Dental Care (Online Learning) (PgDip) (Part-time),8600.0,PG
University of Edinburgh,Professional Legal Practice (PgDip) (Part-time),13170.0,PG
University of Edinburgh,Prosthodontics (DClinDent) (Full-time),61500.0,PG
University of Edinburgh,Public Health (PGC) (Online Learning),6370.0,PG
University of Edinburgh,Public Health (PGD) (Online Learning) (Part-time),6370.0,PG
University of Edinburgh,Quantitative Genetics and Genome Analysis (MSc),40900.0,PG
University of Edinburgh,Quantitative Genetics and Genome Analysis (PgDip),40900.0,PG
University of Edinburgh,Restorative Dentistry (Online Learning) (MSc) - 3 Years (Part-Time),8600.0,PG
University of Edinburgh,Restorative Dentistry (Online Learning) (PgCert) - 1 Year (Part-Time),8600.0,PG
University of Edinburgh,Restorative Dentistry (Online Learning) (PgDip) - 2 Years (Part-Time),8600.0,PG
University of Edinburgh,Science Communication and Public Engagement (PgCert) (Online Learning) - 1 year,6370.0,PG
University of Edinburgh,Science Communication and Public Engagement (PgDip) (Online Learning) - 2 years,6370.0,PG
University of Edinburgh,Scottish Culture and Heritage (Online Learning) (PG Cert) (Part-time),5070.0,PG
University of Edinburgh,Social Justice and Community Action (Online Learning) (MSc) - 3 Years (Part-time),5070.0,PG
University of Edinburgh,Soils and Sustainability (SAC) (MSc) (Part-time) - 3 years,12235.0,PG
University of Edinburgh,Statistics with Data Science (MSc) - 3 Years (Part-time),9970.0,PG
University of Edinburgh,Stem Cells and Translational Neurology (Online Learning) (MSc) - 3 Years (Part-Time),6370.0,PG
University of Edinburgh,Strength and Conditioning (PgDip) - 2 Years (Part-time),9600.0,PG
University of Edinburgh,Surgical Writing and Evidence Based Practice (PgCert),5070.0,PG
University of Edinburgh,Synthetic Biology and Biotechnology (MSc),40900.0,PG
University of Edinburgh,Synthetic Biology and Biotechnology (PGD),40900.0,PG
University of Edinburgh,Systems and Synthetic Biology (MSc),40900.0,PG
University of Edinburgh,Systems and Synthetic Biology (PgDip),40900.0,PG
University of Edinburgh,Trauma and Orthopaedics (Online Learning) (ChM) (Part-time),7600.0,PG
University of Edinburgh,Urology (Online Learning) (ChM) (Part-time),7600.0,PG
University of Edinburgh,Vascular and Endovascular Surgery (Online Learning) (ChM),7600.0,PG
University of Edinburgh,Veterinary Anaesthesia and Analgesia (Online Learning) (MSc) - 3 Years,6370.0,PG
University of Edinburgh,Veterinary Epidemiology (Online Learning) (MSc) - 3 Years (Part-time),6370.0,PG
University of Exeter,MSc Advanced Clinical Practice MSc,13750.0,PG
University of Exeter,MSc Leading Clinical Research Delivery (Online) MSc,13750.0,PG
University of Exeter,Practice Certificate Practice Certificate in Independent and Supplementary Prescribing,2300.0,PG
University of Exeter,PG Certificate in Primary Care,4250.0,PG
University of Exeter,MSc Psychological Therapies Practice and Research MSc,8000.0,PG
University of Exeter,The Exeter MBA,42900.0,PG
University of Exeter,BMBS Medicine BMBS,45700.0,UG
University of Glasgow,Human Anatomy,10620.0,PG
University of Glasgow,Clinical Neuropsychology Practice,9420.0,PG
University of Glasgow,Diploma in Professional Legal Practice,11130.0,PG
University of Glasgow,Endodontics,50490.0,PG
University of Glasgow,Healthcare Chaplaincy,9420.0,PG
University of Glasgow,Human Anatomy,10620.0,PG
University of Glasgow,Oral & Maxillofacial Surgery,50490.0,PG
University of Glasgow,Diploma in Professional Legal Practice,11130.0,PG
University of Glasgow,Real Estate,8430.0,PG
University of Glasgow,Spatial Planning,8430.0,PG
University of Glasgow,Urban Studies,8000.0,PG
University of Glasgow,Dentistry,53460.0,UG
University of Glasgow,Medicine,56520.0,UG
University of Leeds,https://courses.leeds.ac.uk/202425/f847/applied-and-professional-ethics-ma,11500.0,PG
University of Leeds,https://courses.leeds.ac.uk/202425/f849/applied-and-professional-ethics-pgdip,7667.0,PG
University of Leeds,https://courses.leeds.ac.uk/202425/g739/arts-fundraising-and-philanthropy-pgcert,8167.0,PG
University of Leeds,https://courses.leeds.ac.uk/202425/i525/audiences-engagement-participation-pgcert,8167.0,PG
University of Leeds,https://courses.leeds.ac.uk/202425/g554/biomedical-and-healthcare-ethics-ma,11500.0,PG
University of Leeds,https://courses.leeds.ac.uk/202425/g556/biomedical-and-healthcare-ethics-pgdip,7667.0,PG
University of Leeds,https://courses.leeds.ac.uk/202425/i414/cardiac-device-and-rhythm-management-pgcert,10333.0,PG
University of Leeds,https://courses.leeds.ac.uk/202425/c023/clinical-education-pgcert,10333.0,PG
University of Leeds,https://courses.leeds.ac.uk/202425/d098/clinical-education-pgcert,10333.0,PG
University of Leeds,https://courses.leeds.ac.uk/202425/d321/clinical-embryology-pgdip,13666.0,PG
University of Leeds,https://courses.leeds.ac.uk/202425/d981/digital-education-ma,12750.0,PG
University of Leeds,https://courses.leeds.ac.uk/202425/d992/digital-education-pt-pgcert,4250.0,PG
University of Leeds,https://courses.leeds.ac.uk/202425/d991/digital-education-pt-pgdip,8500.0,PG
University of Leeds,https://courses.leeds.ac.uk/202425/d326/disability-studies-rights-and-inclusion-msc,12750.0,PG
University of Leeds,https://courses.leeds.ac.uk/202425/d327/disability-studies-rights-and-inclusion-pgdip,9360.0,PG
University of Leeds,https://courses.leeds.ac.uk/202425/d328/disability-studies-rights-and-inclusion-pgcert,4680.0,PG
University of Leeds,https://courses.leeds.ac.uk/202425/i536/echocardiography-pgcert,10333.0,PG
University of Leeds,https://courses.leeds.ac.uk/202425/d985/geographical-information-science-msc,12000.0,PG
University of Leeds,https://courses.leeds.ac.uk/202425/j525/health-informatics-with-data-science-pgcert,9167.0,PG
University of Leeds,https://courses.leeds.ac.uk/202425/8455/health-research-pgcert,9167.0,PG
University of Leeds,https://courses.leeds.ac.uk/202425/i014/language-for-arts-and-humanities,3439.0,PG
University of Leeds,https://courses.leeds.ac.uk/202425/i012/language-for-business-management-and-enterprise,3439.0,PG
University of Leeds,https://courses.leeds.ac.uk/202425/i003/language-for-business-business-management-and-enterprise,5733.0,PG
University of Leeds,https://courses.leeds.ac.uk/202425/i001/language-for-business-economics-and-finance,5733.0,PG
University of Leeds,https://courses.leeds.ac.uk/202425/i002/language-for-business-human-resource-management,5733.0,PG
University of Leeds,https://courses.leeds.ac.uk/202425/i000/language-for-business-marketing,5733.0,PG
University of Leeds,https://courses.leeds.ac.uk/202425/i013/language-for-communication-and-society,3439.0,PG
University of Leeds,https://courses.leeds.ac.uk/202425/i010/language-for-economics-and-finance,3439.0,PG
University of Leeds,https://courses.leeds.ac.uk/202425/i016/language-for-education,3439.0,PG
University of Leeds,https://courses.leeds.ac.uk/202425/i193/language-for-engineering,3439.0,PG
University of Leeds,https://courses.leeds.ac.uk/202425/i011/language-for-human-resource-management,3439.0,PG
University of Leeds,https://courses.leeds.ac.uk/202425/i534/language-for-law,3439.0,PG
University of Leeds,https://courses.leeds.ac.uk/202425/i009/language-for-marketing,3439.0,PG
University of Leeds,https://courses.leeds.ac.uk/202425/i669/language-for-politics-and-society,3439.0,PG
University of Leeds,https://courses.leeds.ac.uk/202425/i670/language-for-postgraduate-research,3439.0,PG
University of Leeds,https://courses.leeds.ac.uk/202425/i204/language-for-science,3439.0,PG
University of Leeds,https://courses.leeds.ac.uk/202425/i194/language-for-science-engineering,5733.0,PG
University of Leeds,https://courses.leeds.ac.uk/202425/i203/language-for-science-general-science,5733.0,PG
University of Leeds,https://courses.leeds.ac.uk/202425/i005/language-for-social-science-and-arts-arts-and-humanities,5733.0,PG
University of Leeds,https://courses.leeds.ac.uk/202425/i004/language-for-social-science-and-arts-communication-and-society,5733.0,PG
University of Leeds,https://courses.leeds.ac.uk/202425/i533/language-for-social-science-and-arts-law,5733.0,PG
University of Leeds,https://courses.leeds.ac.uk/202425/i668/language-for-social-science-and-arts-politics-and-society,5733.0,PG
University of Leeds,https://courses.leeds.ac.uk/202425/a088/medical-imaging-pgcert,10333.0,PG
University of Leeds,https://courses.leeds.ac.uk/202425/d999/musculoskeletal-medicine-pgcert,4287.0,PG
University of Leeds,https://courses.leeds.ac.uk/202425/i492/music-and-wellbeing-pgcert,8833.0,PG
University of Leeds,https://courses.leeds.ac.uk/202425/j615/online-academic-english-presessional-6-weeks-,3439.0,PG
University of Leeds,https://courses.leeds.ac.uk/202425/i603/oral-surgery-msc,54500.0,PG
University of Leeds,https://courses.leeds.ac.uk/202425/d960/philosophy-of-religion-and-ethics-pgcert,3834.0,PG
University of Leeds,https://courses.leeds.ac.uk/202425/d958/philosophy-of-religion-and-ethics-ma,11500.0,PG
University of Leeds,https://courses.leeds.ac.uk/202425/d959/philosophy-of-religion-and-ethics-pgdip,7667.0,PG
University of Leeds,https://courses.leeds.ac.uk/202425/j408/pre-sessional-academic-english-for-postgraduate-research-one-semester-plus-summer-,11897.0,PG
University of Leeds,https://courses.leeds.ac.uk/202425/j406/pre-sessional-academic-english-for-postgraduate-research-one-semester-january-,6164.0,PG
University of Leeds,https://courses.leeds.ac.uk/202425/j405/pre-sessional-academic-english-for-postgraduate-research-one-semester-september-,6164.0,PG
University of Leeds,https://courses.leeds.ac.uk/202425/j407/pre-sessional-academic-english-for-postgraduate-research-two-semesters-,12327.0,PG
University of Leeds,https://courses.leeds.ac.uk/202425/j403/pre-sessional-academic-english-for-postgraduate-studies-one-semester-plus-summer-,11897.0,PG
University of Leeds,https://courses.leeds.ac.uk/202425/j401/pre-sessional-academic-english-for-postgraduate-studies-one-semester-january-,6164.0,PG
University of Leeds,https://courses.leeds.ac.uk/202425/j402/pre-sessional-academic-english-for-postgraduate-studies-two-semesters-,12327.0,PG
University of Leeds,https://courses.leeds.ac.uk/202425/i967/pre-sessional-academic-english-for-undergraduate-studies-10-teaching-weeks-,5408.0,PG
University of Leeds,https://courses.leeds.ac.uk/202425/i966/pre-sessional-academic-english-for-undergraduate-studies-6-teaching-weeks-,3245.0,PG
University of Leeds,https://courses.leeds.ac.uk/202425/j413/pre-sessional-academic-english-for-undergraduate-studies-one-semester-plus-summer-,11435.0,PG
University of Leeds,https://courses.leeds.ac.uk/202425/j411/pre-sessional-academic-english-for-undergraduate-studies-one-semester-january-,6027.0,PG
University of Leeds,https://courses.leeds.ac.uk/202425/j410/pre-sessional-academic-english-for-undergraduate-studies-one-semester-september-,6027.0,PG
University of Leeds,https://courses.leeds.ac.uk/202425/j412/pre-sessional-academic-english-for-undergraduate-studies-two-semesters-,12054.0,PG
University of Leeds,https://courses.leeds.ac.uk/202425/j374/pre-sessional-language-for-civil-engineering,3439.0,PG
University of Leeds,https://courses.leeds.ac.uk/202425/j375/pre-sessional-language-for-research-postgraduate-research,5733.0,PG
University of Leeds,https://courses.leeds.ac.uk/202425/j373/pre-sessional-language-for-science-civil-engineering,5733.0,PG
University of Leeds,https://courses.leeds.ac.uk/202425/i188/public-health-international-pgcert,9167.0,PG
University of Leeds,https://courses.leeds.ac.uk/202425/j549/religion-pgcert,8167.0,PG
University of Leeds,https://courses.leeds.ac.uk/202425/f805/systemic-practice-pgcert,14000.0,PG
University of Leeds,https://courses.leeds.ac.uk/202425/i423/systemic-practice-foundation-,7000.0,PG
University of Leeds,https://courses.leeds.ac.uk/202425/i422/systemic-practice-intermediate-,7000.0,PG
University of Leeds,https://courses.leeds.ac.uk/202425/j675/teaching-english-for-academic-purposes-pgcert,3800.0,PG
University of Leeds,https://courses.leeds.ac.uk/202425/j676/teaching-english-for-academic-purposes-pgdip,7600.0,PG
University of Leeds,https://courses.leeds.ac.uk/202425/j634/teaching-english-for-academic-purposes-ma,11000.0,PG
University of Leeds,"Dental Surgery MChD/BChD, Oral Science BSc",48000.0,UG
University of Leeds,Medicine and Surgery MBChB,44000.0,UG
University of Liverpool,Dental Surgery,44550.0,UG
University of Liverpool,Dental Therapy,44550.0,UG
University of Liverpool,Medicine and Surgery,42700.0,UG
University of Liverpool,Medicine and Surgery (Graduate Entry),42700.0,UG
University of Liverpool,Veterinary Science,42700.0,UG
University of Liverpool,Business Administration (Football Industries),10900.0,PG
University of Liverpool,Orthodontics,45250.0,PG
University of Manchester,MSc Financial Crime and Compliance in Digital Societies (top-up) blended online course,10500.0,PG
University of Manchester,MSc Advanced Control and Systems Engineering with Extended Research,350.0,PG
University of Manchester,MSc Advanced Electrical Power Systems Engineering,350.0,PG
University of Manchester,PGCert Approved Mental Health Professional Practice,4700.0,PG
University of Manchester,Audiology Short Courses,3500.0,PG
University of Manchester,PGCert Clinical Data Science,10900.0,PG
University of Manchester,MSc Clinical Dentistry (Paediatric Dentistry),55500.0,PG
University of Manchester,MSc Clinical Pharmacy,940.0,PG
University of Manchester,MSc Communications and Signal Processing with Extended Research,350.0,PG
University of Manchester,PGCert Deaf Education (International Pathway),9400.0,PG
University of Manchester,MA Egyptology,6000.0,PG
University of Manchester,MSc (Clin) Endodontics,55500.0,PG
University of Manchester,MSc Endodontics (Dental Specialties),53500.0,PG
University of Manchester,MSc (Clin) Fixed and Removable Prosthodontics,55500.0,PG
University of Manchester,MSc Fixed and Removable Prosthodontics (Dental Specialties),53500.0,PG
University of Manchester,MSc Global Health,9000.0,PG
University of Manchester,MSc Global Health (Disaster Management),9000.0,PG
University of Manchester,MSc Global Health (Emergency Medical Response),9000.0,PG
University of Manchester,MSc Global Health (Humanitarian Response),9000.0,PG
University of Manchester,PGCert Healthcare Ethics Postgraduate Certificate,9500.0,PG
University of Manchester,PGCert Healthcare Law Postgraduate Certificate,9500.0,PG
University of Manchester,MSc Management and Information Systems: Change and Development (Distance Learning),155.0,PG
University of Manchester,MBA Manchester Full-Time MBA,48000.0,PG
University of Manchester,Model-based Drug Development,3500.0,PG
University of Manchester,Occupational Hygiene - Personal Professional Development,5800.0,PG
University of Manchester,MSc (Clin) Oral and Maxillofacial Surgery,55500.0,PG
University of Manchester,MSc/PGDip Oral and Maxillofacial Surgery (Dental Specialties),53500.0,PG
University of Manchester,MSc (Clin) Orthodontics,55500.0,PG
University of Manchester,MSc (Clin) Periodontology,55500.0,PG
University of Manchester,Personal Professional Development (Public Health and Primary Care),260.0,PG
University of Manchester,MSc Renewable Energy and Clean Technology with Extended Research,350.0,PG
University of Manchester,MSc Skin Ageing and Aesthetic Medicine,13800.0,PG
University of Newcastle,Endodontics MClinDent,54900.0,PG
University of Newcastle,"Oncology for the Pharmaceutical Industry MSc, PGDip, PGCert",4200.0,PG
University of Newcastle,"Oncology MSc, PGDip, PGCert",4200.0,PG
University of Newcastle,"Palliative Care MSc, PGDip, PGCert",4200.0,PG
University of Newcastle,Periodontics MClinDent,45900.0,PG
University of Newcastle,Prosthodontics MClinDent,54900.0,PG
University of Newcastle,"Creative Writing MA, PGCert",7835.0,PG
University of Newcastle,"Data Science (with specialisation in Statistics) MSc, PGDip, PGCert",10200.0,PG
University of Newcastle,"Data Science MSc, PGCert",10200.0,PG
University of Newcastle,"Mediation and International Commercial Dispute Resolution LLM, PGDip, PGCert",14000.0,PG
University of Newcastle,"Medical Education MMedEd, PGDip, PGCert",11700.0,PG
University of Newcastle,Research Training PGCert,7835.0,PG
University of Newcastle,Dental Surgery BDS,44390.0,UG
University of Newcastle,Dental Therapy BSc Honours,44390.0,UG
University of Newcastle,Medicine and Surgery MB BS,42200.0,UG
University of Newcastle,Medicine and Surgery (Accelerated Programme) MB BS,52750.0,UG
University of Nottingham,English (Online) MA,5355.0,PG
University of Nottingham,Higher Education Global PG Cert,4900.0,PG
University of Nottingham,Postgraduate Certificate Education (International) PGCert,4667.0,PG
University of Nottingham,Professional Practice in Architecture (Part 3) PGDip,2442.0,PG
University of Nottingham,Psychology (Conversion) Distance Learning MSc,5925.0,PG
University of Nottingham,Research Methods (Health) MA,8600.0,PG
University of Nottingham,Statistical Science (Distance Learning) MSc/PGDip/PGCert,5133.0,PG
University of Nottingham,Trauma Informed Practice MA,12625.0,PG
University of Nottingham,Veterinary Medicine/Surgery MVM/MVS,41000.0,PG
University of Nottingham,Workplace Health and Wellbeing (Distance Learning) MSc/PGDip/PGCert,11850.0,PG
University of Nottingham,Computer Science with Artificial Intelligence BSc (Hons),9250.0,UG
University of Nottingham,Nursing Studies (online) BSc,12500.0,UG
University of Oxford,Biochemistry (Molecular and Cellular),48620.0,UG
University of Oxford,Biology,48620.0,UG
University of Oxford,Biomedical Sciences,48620.0,UG
University of Oxford,Chemistry,48620.0,UG
University of Oxford,Computer Science,48620.0,UG
University of Oxford,Computer Science and Philosophy,48620.0,UG
University of Oxford,Earth Sciences (Geology),48620.0,UG
University of Oxford,Engineering Science,48620.0,UG
University of Oxford,Geography,43670.0,UG
University of Oxford,Materials Science,48620.0,UG
University of Oxford,Mathematics,41080.0,UG
University of Oxford,Mathematics and Computer Science,48620.0,UG
University of Oxford,Mathematics and Philosophy,41080.0,UG
University of Oxford,Mathematics and Statistics,41080.0,UG
University of Oxford,Music,43670.0,UG
University of Oxford,Physics,48620.0,UG
University of Oxford,Physics and Philosophy,41080.0,UG
University of Oxford,Psychology (Experimental),48620.0,UG
University of Oxford,"Psychology, Philosophy and Linguistics",48620.0,UG
University of Oxford,Doctor of Medicine (DM),9480.0,PG
University of Oxford,Magister Juris,45590.0,PG
University of Oxford,Master of Public Policy (MPP),49990.0,PG
University of Oxford,MSc in Applied Digital Health,43170.0,PG
University of Oxford,MSc in Applied Landscape Archaeology,13430.0,PG
University of Oxford,MSc in Clinical Embryology,48140.0,PG
University of Oxford,MSc in Clinical Trials,10965.0,PG
University of Oxford,MSc in Cognitive Behavioural Therapy,5545.0,PG
University of Oxford,MSc in English Local History,13430.0,PG
University of Oxford,MSc in Evidence-Based Health Care,8455.0,PG
University of Oxford,MSc in Evidence-Based Health Care (Medical Statistics),8455.0,PG
University of Oxford,MSc in Evidence-Based Health Care (Systematic Reviews),8455.0,PG
University of Oxford,MSc in Evidence-Based Health Care (Teaching and Education),8455.0,PG
University of Oxford,MSc in Experimental and Translational Therapeutics,8455.0,PG
University of Oxford,MSc in Financial Economics,55630.0,PG
University of Oxford,MSc in Genomic Medicine,45590.0,PG
University of Oxford,MSc in Integrated Immunology,49990.0,PG
University of Oxford,MSc in Intellectual Property,12150.0,PG
University of Oxford,MSc in International Health and Tropical Medicine,49990.0,PG
University of Oxford,MSc in Law and Finance,49990.0,PG
University of Oxford,MSc in Mathematical and Computational Finance,43170.0,PG
University of Oxford,MSc in Modelling for Global Health,49990.0,PG
University of Oxford,MSc in Nanotechnology for Medicine and Health Care,4945.0,PG
University of Oxford,MSc in Political Theory Research,40150.0,PG
University of Oxford,MSc in Politics Research,40150.0,PG
University of Oxford,MSc in Public Policy Research,40150.0,PG
University of Oxford,MSc in Surgical Science and Practice,9695.0,PG
University of Oxford,"MSc in Sustainability, Enterprise and the Environment",43170.0,PG
University of Oxford,MSc in Sustainable Urban Development,11270.0,PG
University of Oxford,MSt in Creative Writing,14155.0,PG
University of Oxford,MSt in Historical Studies,13430.0,PG
University of Oxford,MSt in Literature and Arts,14155.0,PG
University of Oxford,MSt in Practical Ethics,2450.0,PG
University of Oxford,MSt in Psychodynamic Practice,13430.0,PG
University of Oxford,MSt in the History of Design,13430.0,PG
University of Oxford,Oxford Executive MBA,63862.0,PG
University of Oxford,Oxford MBA,78510.0,PG
University of Oxford,PGCert in Architectural History,11270.0,PG
University of Oxford,PGCert in Cognitive Behavioural Studies,5490.0,PG
University of Oxford,PGCert in Cognitive Behavioural Therapy,5490.0,PG
University of Oxford,PGCert in Ecological Survey Techniques,9215.0,PG
University of Oxford,PGCert in Enhanced Cognitive Behavioural Therapy,5490.0,PG
University of Oxford,PGCert in Health Research,8455.0,PG
University of Oxford,PGCert in Historical Studies,11270.0,PG
University of Oxford,PGCert in Nanotechnology,11270.0,PG
University of Oxford,PGCert in Paediatric Infectious Diseases,8455.0,PG
University of Oxford,PGCert in Patient Safety and Quality Improvement,9695.0,PG
University of Oxford,PGCert in Psychodynamic Counselling,11270.0,PG
University of Oxford,PGCert in Qualitative Health Research Methods,8455.0,PG
University of Oxford,PGCert in Statistics and Epidemiology,10195.0,PG
University of Oxford,PGCert in Teaching Evidence-Based Health Care,8455.0,PG
University of Oxford,PGDip in Cognitive Behavioural Therapy,5705.0,PG
University of Oxford,PGDip in Health Research,8455.0,PG
University of Oxford,PGDip in Intellectual Property Law and Practice,10590.0,PG
University of Oxford,PGDip in Psychodynamic Practice,11270.0,PG
University of Oxford,PGDip in Sleep Medicine,11270.0,PG
University of Oxford,Public Policy 1+1 MSc,49990.0,PG
University of Sheffield,Dental Hygiene and Dental Therapy,46190.0,UG
University of Sheffield,Dental Surgery,46190.0,UG
University of Sheffield,Medicine,43150.0,UG
University of Sheffield,Applied Professional Studies in Education MA,7920.0,PG
University of Sheffield,Cost Effectiveness Modelling for Health Technology Assessment PG Certificate,4173.0,PG
University of Sheffield,EdD - The Sheffield EdD,11530.0,PG
University of Sheffield,"Education, Teaching and Learning MA",4333.0,PG
University of Sheffield,Endodontics DClinDent,53890.0,PG
University of Sheffield,English Studies (online) MA,11880.0,PG
University of Sheffield,Health and Clinical Research Delivery MSc/PG Certificate/PG Diploma,4173.0,PG
University of Sheffield,International Health Technology Assessment and Reimbursement MSc/ PGCert/ PGDip,6260.0,PG
University of Sheffield,International Postgraduate Certificate in Education (iPGCE),4333.0,PG
University of Sheffield,Language and Communication Impairment in Children MSc/ PG Certificate/ PG Diploma,5355.0,PG
University of Sheffield,Library and Information Services Management (Distance Learning) MA/ PG Certificate/ PG Diploma,6035.0,PG
University of Sheffield,Medical Education PGCert,7703.0,PG
University of Sheffield,Neuroscience and Neurodegeneration MSc,4333.0,PG
University of Sheffield,Ophthalmology Advanced Clinical Practice (Paediatrics) MMedSci,4023.0,PG
University of Sheffield,Orthodontics DClinDent,53890.0,PG
University of Sheffield,Periodontics DClinDent,53890.0,PG
University of Sheffield,Prosthodontics DClinDent,53890.0,PG
University of Sheffield,Public Health (Online) MPH/ PG Certificate/ PG Diploma,6260.0,PG
University of Sheffield,Statistics Graduate Certificate,4023.0,PG
University of Sheffield,Vision and Strabismus MMedSci,3413.0,PG
University of Southampton,Advanced Clinical Practice (Advanced Allied Health Practitioner) (MSc),1443.0,PG
University of Southampton,Advanced Clinical Practice (Advanced Critical Care Practitioner) (MSc),4101.0,PG
University of Southampton,Allergy (MSc),13250.0,PG
University of Southampton,Allergy (PGCert),5475.0,PG
University of Southampton,Allergy (PGDip),10950.0,PG
University of Southampton,Doctor of Medicine DM,13050.0,PG
University of Southampton,Education Online (MSc),4625.0,PG
University of Southampton,Gerontology (Distance Learning) (PGCert),8100.0,PG
University of Southampton,Gerontology (PGCert),8100.0,PG
University of Southampton,Global Ageing and Policy (Distance Learning) (PGCert),8100.0,PG
University of Southampton,Marine Environment and Resources MSc,11596.0,PG
University of Southampton,Neonatology (MSc),2388.0,PG
University of Southampton,Public Health Global Health PgCert,10950.0,PG
University of Southampton,Public Health PgCert,10950.0,PG
University of Warwick,Accounting and Finance MSc,40700.0,PG
University of Warwick,Business Administration MBA,53750.0,PG
University of Warwick,Diagnostics Data and Digital Health Medical Diagnostics MSc,14095.0,PG
University of Warwick,Diagnostics Data and Digital Health Medical Imaging MSc,14095.0,PG
University of Warwick,Diagnostics Data and Digital Health MSc,14095.0,PG
University of Warwick,Doctor of Business Administration DBA,13842.0,PG
University of Warwick,Education Ed.D,13842.0,PG
University of Warwick,Educational Innovation MA,13055.0,PG
University of Warwick,Finance MSc,41750.0,PG
University of Warwick,Postgraduate Certificate in Education International PGCEi,8200.0,PG
University of Warwick,Postgraduate Certificate in Education PGCE in Primary 2-7 or 5-11,8200.0,PG
University of Warwick,Postgraduate Certificate in Education PGCE with iQTS Primary & Secondary,8200.0,PG
University of York,Master of Public Administration,5100.0,PG
University of York,MBA Online,6600.0,PG
University of York,MPA International Development,5100.0,PG
University of York,MPA Public Policy and Management,5100.0,PG
University of York,MPA Social and Public Policy,5100.0,PG
University of York,MSc Advanced Clinical Practice,7967.0,PG
University of York,MSc Computer Science Online,4500.0,PG
University of York,MSc Computer Science with Artificial Intelligence Online,4500.0,PG
University of York,MSc Computer Science with Cyber Security Online,4500.0,PG
University of York,MSc Computer Science with Data Analytics Online,4500.0,PG
University of York,MSc Economic Evaluation for Health Technology Assessment (Distance Learning),9470.0,PG
University of York,MSc International Humanitarian Affairs (online),6350.0,PG
University of York,MSc Mathematical Finance (online),7945.0,PG
University of York,"Online MSc in Finance, Leadership and Management",5220.0,PG
University of York,"Online MSc in Innovation, Leadership and Management",5220.0,PG
University of York,"Online MSc in International Business, Leadership and Management",5220.0,PG
University of York,PGCert Health Research and Statistics,11960.0,PG
University of York,PGCert Women's Studies,11960.0,PG
University of York,"PGCert Women, Violence and Conflict",11960.0,PG
University of York,PGDip Advanced Clinical Practice,8970.0,PG
University of York,PGDip Health Economics for Health Care Professionals (Distance Learning),6570.0,PG
Queen's University Belfast,COURSE INFO,13866.0,UG
Queen's University Belfast,COURSE INFO,13866.0,UG
Queen's University Belfast,COURSE INFO,10250.0,PG
Queen's University Belfast,COURSE INFO,13140.0,PG
Queen's University Belfast,COURSE INFO,4380.0,PG
Queen's University Belfast,COURSE INFO,8600.0,PG
Queen's University Belfast,COURSE INFO,8600.0,PG
Queen's University Belfast,COURSE INFO,7166.0,PG
Queen's University Belfast,COURSE INFO,2390.0,PG
Queen's University Belfast,COURSE INFO,7166.0,PG
Queen's University Belfast,COURSE INFO,7166.0,PG
Queen's University Belfast,COURSE INFO,8760.0,PG
University College London,COURSE INFO,41000.0,UG
University College London,COURSE INFO,41000.0,UG
University College London,COURSE INFO,41000.0,UG
University College London,COURSE INFO,9250.0,UG
University College London,COURSE INFO,41000.0,UG
University College London,COURSE INFO,41000.0,PG
University College London,COURSE INFO,11500.0,PG
University College London,COURSE INFO,8650.0,PG
University College London,COURSE INFO,44400.0,PG
University College London,COURSE INFO,61800.0,PG
University College London,COURSE INFO,11350.0,PG
University College London,COURSE INFO,11350.0,PG
University College London,COURSE INFO,11350.0,PG
University College London,COURSE INFO,14050.0,PG
University College London,COURSE INFO,61800.0,PG
University College London,COURSE INFO,61800.0,PG
University College London,COURSE INFO,61800.0,PG
University College London,COURSE INFO,44400.0,PG
University College London,COURSE INFO,41000.0,PG
University College London,COURSE INFO,44400.0,PG
University College London,COURSE INFO,44400.0,PG
University College London,COURSE INFO,41000.0,PG
University College London,COURSE INFO,41000.0,PG
University College London,COURSE INFO,41000.0,PG
University College London,COURSE INFO,11350.0,PG
University College London,COURSE INFO,41000.0,PG
University College London,COURSE INFO,44400.0,PG
University College London,COURSE INFO,45000.0,PG
University College London,COURSE INFO,61800.0,PG
University College London,COURSE INFO,61800.0,PG
University College London,COURSE INFO,61800.0,PG
University College London,COURSE INFO,61800.0,PG
University College London,COURSE INFO,61800.0,PG
University College London,COURSE INFO,61800.0,PG
University College London,COURSE INFO,10400.0,PG
University College London,COURSE INFO,11500.0,PG
University College London,COURSE INFO,61800.0,PG
University College London,COURSE INFO,61800.0,PG
University College London,COURSE INFO,11350.0,PG
University College London,COURSE INFO,11500.0,PG
University College London,COURSE INFO,11350.0,PG
University College London,COURSE INFO,11500.0,PG
University College London,COURSE INFO,41000.0,PG
University College London,COURSE INFO,41000.0,PG
University College London,COURSE INFO,61800.0,PG
University College London,COURSE INFO,44400.0,PG
University College London,COURSE INFO,41000.0,PG
University College London,COURSE INFO,44400.0,PG
